Settlement,Alt_Location,Latitude,Longitude,Note2,Image,URL,Note3,Note4,Note5
Paris (Test),"Paris, France",48.8566,2.3522,1,Author's 2023 photo of Saint-Eustache Church in Paris,https://drive.google.com/uc?id=1GO0W5umGH9LxVaOzF8Afr2k0Lk4khvk7,,,713000
New Orleans,"New Orleans, Louisiana",29.9511,-90.0715,2,"Archbishop's Palace, formerly Ursuline Convent (18th-century) with gatehouse and chapel (19th-century), French Quarter, New Orleans, circa 1910",https://upload.wikimedia.org/wikipedia/commons/3/3a/Archbishopric_New_Orleans_Louisiana_DetPub.jpg,,,27000
Montreal,"Montreal, Canada",45.5017,-73.5673,3,1923 photograph of the 17th-century Sulpician Seminary in Old Montreal,https://upload.wikimedia.org/wikipedia/commons/9/9f/Sulpician_Seminary%2C_Montreal_%28I0001239%29.tif,,1642,15000
St. Louis,"St. Louis, Missouri",38.627,-90.1994,4,"1848 daguerreotype of the cathedral of St. Louis, King of France (The Old Cathedral), completed in 1834 by Morton & Laveille",https://upload.wikimedia.org/wikipedia/commons/5/5b/Old_Cathedral._Walnut_Street_looking_East_from_Third_Street.jpg,,,4600
Natchez,"Natchez, Mississippi",31.5604,-91.4032,6,"Natchez, Mississippi",https://upload.wikimedia.org/wikipedia/commons/0/0f/View_of_the_Fort_of_the_Natchez.jpg,,,2000
Natchez,"Natchez, Louisiana",31.7334,-93.0754,7,"2002 photo of Cherokee Plantation (1839), a French Creole architectural example, likely constructed by Charles Emile Sompeyrac after his 1837 marriage to Clarisse Prudhomme, on Highway 494 in Natchez, Natchitoches Parish, LA.",https://upload.wikimedia.org/wikipedia/commons/thumb/a/af/Southeast_elevation_-_Cherokee_Plantation%2C_Highway_494%2C_Natchez%2C_Natchitoches_Parish%2C_LA_HABS_LA-1318-6.tif/lossy-page1-800px-Southeast_elevation_-_Cherokee_Plantation%2C_Highway_494%2C_Natchez%2C_Natchitoches_Parish%2C_LA_HABS_LA-1318-6.tif.jpg?20140718014617,,,2000
Mobile,"Mobile, Alabama",30.6944,-88.0431,8,,,,,1500
Detroit,"Detroit, Michigan",42.3314,-83.0458,9,"Photograph from 1880 of Ste. Anne's church, built 1818, on the corner of Larned St and Bates St in downtown Detroit. The original parish was founded in 1701 (Archdiocese of Detroit Archives).",https://upload.wikimedia.org/wikipedia/commons/0/0b/Stannesdetroit1840s.jpg,,1701,1400
Ste. Genevieve,"Ste. Genevieve, Missouri",37.9736,-90.0456,10,"1980s photograph of a room restored to its original appearance in the Bolduc House, constructed in 1740 by prominent merchant Peter Bolduc in Ste. Geneviève, Missouri. The entire village, including this house, was relocated to higher ground in 1785 to avoid Mississippi River flooding.",https://upload.wikimedia.org/wikipedia/commons/thumb/5/59/Photograph_of_a_Room_Restored_to_the_Original_Look_in_the_Bolduc_House_in_Ste_Genevieve_MO.png/1280px-Photograph_of_a_Room_Restored_to_the_Original_Look_in_the_Bolduc_House_in_Ste_Genevieve_MO.png,,,1400
Vincennes,"Vincennes, Indiana",38.6773,-87.5286,11,"Interior view of St. Francis Xavier Cathedral in Vincennes, Indiana, constructed between 1826 and 1837, looking toward the altar. Photograph taken in March 1934 as part of the Historic American Buildings Survey. Public domain image via Wikimedia Commons.",https://upload.wikimedia.org/wikipedia/commons/thumb/b/bc/HISTORIC_AMERICAN_BUILDINGS_SURVEY_THE_SHORES_STUDIO%2C_PHOTOGRAPHERS%2C_March%2C_1934_INTERIOR%2C_LOOKING_TOWARD_ALTAR_-_St._Francis_Xavier_Cathedral%2C_Vigo_Street%2C_Vincennes%2C_Knox_County_HABS_IND%2C42-VINC%2C1-3.tif/lossy-page1-1280px-thumbnail.tif.jpg,,1732,1200
St. Ferdinand de Florissant,"Florissant, Missouri",38.7892,-90.3226,12,,,,,1200
New Madrid,"New Madrid, Missouri",36.5869,-89.5291,13,,https://upload.wikimedia.org/wikipedia/commons/4/43/Das_illustrirte_Mississippithal_-_dargestellt_in_80_nach_der_natur_aufgenommenen_ansichten_vom_wasserfalle_zu_St._Anthony_an_bis_zum_gulf_von_Mexico_%281857%29_%2814590346260%29.jpg,,,1200
Natchitoches,"Natchitoches, Louisiana",31.7607,-93.086,14,"1933 photo of Melrose Plantation House, built by Louis Metoyer in the 1830s, descendant of Marie Therese Coin-coin. Natchitoches Parish, Louisiana",https://upload.wikimedia.org/wikipedia/commons/thumb/c/c7/Perspective_view_of_south_southeast_elevation_looking_from_the_southeast_-_Melrose_Plantation%2C_Big_House%2C_State_Highway_119%2C_Melrose%2C_Natchitoches_Parish%2C_LA_HABS_LA%2C35-MELRO%2C1D-5.tif/lossy-page1-800px-thumbnail.tif.jpg?20140721041638,,,1200
Kaskasia,"Kaskaskia, Illinois",37.9879,-89.9048,15,,,,,900
Cape Girardeau,"Cape Girardeau, Missouri",37.3059,-89.518,16,,,,,800
Cahokia,"Cahokia, Missouri",38.5701,-90.1798,17,"1976 photo of the church of the Holy Family, State Route 157, Cahokia, IL (built 1786–1799)",https://upload.wikimedia.org/wikipedia/commons/f/f1/Church_of_the_Holy_Family%2C_State_Route_157%2C_Cahokia_%28St._Clair_County%2C_Illinois%29.jpg,,,700
Peoria,"Peoria, Illinois",40.6936,-89.589,18,"Fort Crevecoeur, as depicted by the Illinois Historical Society in 1932. Public domain image by John Leonard Conger and William Edgar Hull, via Wikimedia Commons.",https://upload.wikimedia.org/wikipedia/commons/4/40/Fort_Crevecoeur_Illinois_Historical_Society.jpg,,1680,600
Arkansas Post,"Gillett, Arkansas",34.016667,-91.345278,19,"Bombardment and Capture of Fort Hindman, Arkansas Post, January 11, 1863. Lithograph by Currier & Ives, hand-colored. No known publication restrictions. Courtesy of the Library of Congress via Wikimedia Commons.",https://upload.wikimedia.org/wikipedia/commons/d/df/Bombardment_and_capture_of_Fort_Hindman%2C_Arkansas_Post%2C_Ark._Jany._11th_1863_LCCN90711974_%28cropped%29.jpg,,,600
Ft. Michilimackinac,"Mackinac Island, Michigan",45.8499,-84.6168,20,"Fort Mackinac, as viewed from the pier, part of the series 'Views of the National Park, Mackinac Island, Michigan.' Photograph by P. B. Greene, created between 1865-1900. Public domain image via Wikimedia Commons.",https://upload.wikimedia.org/wikipedia/commons/c/c8/Fort_Mackintac%2C_from_Pier%2C_by_Greene%2C_P._B..jpg,,1715,500
Prairie du Rocher,"Prairie du Rocher, Illinois",38.0979,-90.161,21,"1935 photo by Clark Bullard: French Creole House, Prairie du Rocher, IL.",https://upload.wikimedia.org/wikipedia/commons/thumb/6/61/HISTORIC_AMERICAN_BUILDINGS_SURVEY_CLARK_BULLARD%2C_PHOTOGRAPHER_APRIL_1935._VIEW_FROM_WEST_-_FRONT_ELEVATION_-_French_%28Creole%29_House%2C_Market_Street%2C_Prairie_du_Rocher%2C_Randolph_HABS_ILL%2C79-PRARO%2C1-1.tif/lossy-page1-800px-thumbnail.tif.jpg?20140716151712,,,450
Prairie du Chien,"Prairie du Chien, Wisconsin",43.0514,-91.1398,22,,,,,400
Vieilles Mines,"Old Mines, Missouri",38.006,-90.7195,23,"Etienne and Louise LaMarque's historic home in Old Mines, Missouri, constructed in 1818 and acquired by LaMarque in 1822, stands near St. Joachim Catholic Church, built in 1831 with their significant donations. This colonial French-style residence remains privately occupied. (See: Paul T. Hellmann, 2005, Historical Gazetteer of the United States, p.635; Vallé Higginbotham, 1968, John Smith T, Missouri Pioneer, p.18.)",https://upload.wikimedia.org/wikipedia/commons/1/17/Old_Mines_LaMarque_House_26.jpg,,,350
Terre Haute,"Terre Haute, Indiana",39.4667,-87.4139,24,"Sanborn Fire Insurance Map from Terre Haute, Vigo County, Indiana, 1896, Plate title. Created in 1896. Public domain image via Wikimedia Commons.",https://upload.wikimedia.org/wikipedia/commons/d/d1/Sanborn_Fire_Insurance_Map_from_Terre_Haute%2C_Vigo_County%2C_Indiana%2C_1896%2C_Plate_titl.jpg,,1818,300
La Baie Verte/Green Bay,"Green Bay, Wisconsin",44.5133,-88.0133,25,"The 1934 U.S. postage stamp commemorating Wisconsin's tercentenary, depicting Jean Nicolet's landing at the Bay of Green Bay in 1634. Public domain image via Wikimedia Commons.",https://upload.wikimedia.org/wikipedia/commons/a/a7/WisconsinTercentenary-1934.jpg,,1632,300
Fort Wayne/Kekionga/Miamitown,"Fort Wayne, Indiana",41.0793,-85.1394,26,"Page from The discovery and conquests of the Northwest, featuring “Fort Wayne in 1795.” Published in 1880 by Rufus Blanchard and Elijah Middlebrook Haines. Digitized by The Library of Congress, sponsored by the Sloan Foundation. Public domain image via Wikimedia Commons.",https://upload.wikimedia.org/wikipedia/commons/9/97/The_discovery_and_conquests_of_the_Northwest_-_including_the_early_history_of_Chicago%2C_Detroit%2C_Vincennes%2C_St._Louis%2C_Ft._Wayne%2C_Prairie_du_Chien%2C_Marietta%2C_Cincinnati%2C_Cleveland%2C_etc.%2C_etc.%2C_and_%2814779724502%29.jpg,,1706,250
Milwaukee/Juneau Town,"Milwaukee, Wisconsin",43.0389,-87.9065,27,"Photograph of the Solomon Juneau statue in Milwaukee, circa 1890. Solomon Juneau, a French-Canadian fur trader, is recognized as Milwaukee's founder and first mayor. The city's modern history began in 1795 when fur trader Jacques Vieau established a post, later transferred to Juneau in 1818, making him the city's first permanent white resident and founder. Public domain image via Wikimedia Commons.",https://upload.wikimedia.org/wikipedia/commons/6/6e/Solomon_Juneau_statue_in_Milwaukee_circa_1890.jpg,,1795,200
Portage des Sioux,"Portage Des Sioux, Missouri",38.9292,-90.3066,28,,,,,200
Grand Rapids,"Grand Rapids, Michigan",42.9634,-85.6681,29,"A sketch of Grand Rapids in 1831, showing the Baptist mission on the west side of the river and Louis Campau's trading post at the center right. Louis Campau, a fur trader and founder of Grand Rapids, established the post, which spurred the area's early development. Public domain image via Wikimedia Commons.",https://upload.wikimedia.org/wikipedia/commons/2/23/Grand_Rapids_1831.jpg,,1826,150
South Bend,"South Bend, Indiana",41.6764,-86.252,30,"Page from Centennial History and Handbook of Indiana, featuring the founding of the University of Notre Dame in 1842, published in 1915 by George S. Cottman and Max R. Hyman. Digitized by the Internet Archive with sponsorship from the Allen County Public Library Genealogy Center. Public domain image via Wikimedia Commons.",https://upload.wikimedia.org/wikipedia/commons/6/61/Centennial_history_and_handbook_of_Indiana_-_the_story_of_the_state_from_its_beginning_to_the_close_of_the_civil_war%2C_and_a_general_survey_of_progress_to_the_present_time_%281915%29_%2814576093338%29.jpg,,1823,150
Dubuque,"Dubuque, Iowa",42.5006,-90.6646,31,,,,,150
Ft. St. Joseph/Niles,"Niles, Michigan",41.8298,-86.2542,32,"Photograph of the Fort St. Joseph monument, rear view, with a man standing to the right. Taken on December 19, 1920. Courtesy of the National Park Service, Little Bighorn Battlefield National Monument, LIBI_00312_13377. Unknown photographer.",https://upload.wikimedia.org/wikipedia/commons/thumb/0/07/Fort_St_Joseph_Marker%2C_Rear_View_%28a62aa9ad0ef34a63a7a8f3f9e1b8aa94%29.tif/lossy-page1-752px-Fort_St_Joseph_Marker%2C_Rear_View_%28a62aa9ad0ef34a63a7a8f3f9e1b8aa94%29.tif.jpg,,1680,100
Logansport,"Logansport, Indiana",40.7545,-86.3565,33,,,,1826,100
Davenport,"Davenport, Iowa",41.5236,-90.5776,34,,,,,100
Apple Creek,"Apple Creek, Missouri",37.6261,-89.7304,35,,,,,100
Ft. Ouiatenon,"West Lafayette, Indiana",40.4259,-86.9081,36,"The historical marker at Fort Ouiatenon in Tippecanoe County, Indiana, photographed on January 28, 2007. The marker details the fort's establishment in 1717 by French Canada, its role in countering British expansion, and its eventual destruction by American soldiers in 1791. Public domain image via Wikimedia Commons.",https://upload.wikimedia.org/wikipedia/commons/f/fb/Fort_Ouiatenon_marker.png,,1717,5
St. Paul,"St. Paul, Minnesota",44.9537,-93.09,37,,,,,5
Fort de Chartres,"Fort de Chartres, Missouri",38.08782194,-90.15891308,38,1930s photograph of reconstructed building at Fort de Chartres State Park,https://upload.wikimedia.org/wikipedia/commons/thumb/6/69/Fort_de_Chartres%2C_Fort_de_Chartres_State_Park%2C_Prairie_du_Rocher%2C_Randolph_County%2C_IL_HABS_ILL%2C79-PRARO.V%2C1-4.tif/lossy-page1-748px-Fort_de_Chartres%2C_Fort_de_Chartres_State_Park%2C_Prairie_du_Rocher%2C_Randolph_County%2C_IL_HABS_ILL%2C79-PRARO.V%2C1-4.tif.jpg?20140717003708,,,5